absolute humidity,The mass of water vapor in a given volume of air. It represents the density of water vapor in the air.
absolute zero,"A temperature of -273_C, -460_F, or 0_K. Theoretically, there is no molecular motion at this temperature."
absolutely stable,"Stable conditions, such as during a clear and calm night, will cause pollutants to become trapped near ground level.[9] Drizzle occurs within a moist air mass when it is stable. Air within a stable layer is not turbulent."
absolutely stable atmosphere,"Stable conditions, such as during a clear and calm night, will cause pollutants to become trapped near ground level.[9] Drizzle occurs within a moist air mass when it is stable. Air within a stable layer is not turbulent."
absolutely unstable,"The state of a column of air in the atmosphere when it has a superadiabatic lapse rate of temperature (i.e., greater than the dry-adiabatic lapse rate)."
absolutely unstable atmosphere,"The state of a column of air in the atmosphere when it has a superadiabatic lapse rate of temperature (i.e., greater than the dry-adiabatic lapse rate)."
absorptivity,The efficiency of radiation absorption.
acclimatization,"The gradual adjustment of the body to new climatic or other environmental conditions, for example, the adjustment to low levels of oxygen at high altitudes."
accretion,The growth of a precipitation particle by the collision of an ice crystal or snowflake with a supercooled liquid droplet that freezes upon impact.
acid fog,Fog formed in an enviroment rich in sulfur and/or nirtogen oxidesleading to acidivication.
acid rain,"Acid rain_is a_rain_or any other form of_precipitation_that is unusually_acidic, meaning that it possesses elevated levels of hydrogen ions (low_pH). It can have harmful effects on plants, aquatic animals and infrastructure. Acid rain is caused by emissions of_sulfur dioxide_and_nitrogen oxide, which react with the_water molecules_in the_atmosphere_to produce acids"
actual vapor pressure,The pressure exerted by the water vapor molecules in a given volume of air.
adiabatic process,"A process that takes place without a transfer of heat between the system (such as an air parcel) and its surroundings. In an adiabatic process compression always results in warming, and expansion results in cooling."
advection,The horizontal transfer of any atmospheric property by the wind.
advection fog,"Occurs when warm, moist air moves over a cold surface and the air cools to below its dew point."
aerosols,"An aerosol is a colloid of fine solid particles or liquid droplets, in air or another gas. Aerosols can be natural or artificial. Examples of natural aerosols are fog, forest exudates and geyser steam. Examples of artificial aerosols are haze, dust, particulate air pollutants and smoke.[1] The liquid or solid particles have diameter mostly smaller than 1 &micro;m or so;"
aerovane,A device that resembles a wind vane with a propeller at one end. Used to indicate wind speed and direction.
air density,Mass per unit volume of air; about 1.275 km per cubic meter at 0_C and 1000 millibars.
air mass,A large expanse of air having similar temperature and humidity at any given height.
air mass thunderstorm,
air parcel,"A very small amount of air, identifiable throughout its dynamic history while moving within the atmosphere."
air pressure,The cumulative force exerted on any surface by the molecules composing air.
albedo,The percent of radiation returning from a surface compared to that which strikes it.
Aleutian low,
altimeter,An instrument that indicates the altitude of an object above a fixed level. Pressure altimeters use an aneroid barometer with a scale graduated in altitude instead of pressure.
altocumulus,"A middle cloud, usually white or gray. Often occurs in layers or patches with wavy, rounded masses or rolls."
altocumulus clouds,"A middle cloud, usually white or gray. Often occurs in layers or patches with wavy, rounded masses or rolls."
altostratus,"A middle cloud composed of gray or bluish sheets or layers of uniform appearance. In the thinner regions, the sun or moon usually appears dimly visible."
altostratus clouds,"A middle cloud composed of gray or bluish sheets or layers of uniform appearance. In the thinner regions, the sun or moon usually appears dimly visible."
ambient air,"The air surrounding a cloud, or the air surrounding rising or sinking air parcels."
ambient temperature,Temperature of the surrounding (ambient) air.
analogue forecasting method,
analysis,
anemometer,An instrument designed to measure wind speed.
aneroid barometer,An instrument designed to measure atmospheric pressure. It contains no liquid.
annual range of temperature,The difference between the warmest and coldest months at any given location.
anomalies,"Departures of temperature, precipitation, or other weather elements from long-term averages."
anticyclone,"An atmospheric anticyclonic circulation, a closed circulation. The wind in an anticyclone is in the clockwise direction in the Northern Hemisphere and counterclockwise in the Southern Hemisphere."
apparent temperature,"The temperature equivalent perceived by humans, caused by the combined effects of air temperature, relative humidity and wind speed."
arctic air,A very cold and dry air mass that forms primarily in winter and the northern interior of North America.
Arctic Oscillation,
atmospheric models,
atmospheric window,A region of the electromagnetic spectrum from 8 to 12 µm where the atmosphere is transparent to radiation.
autumnal equinox,The equinox at which the sun approaches the Southern Hemisphere and passes directly over the equator. Occurs around September 23.
avalanche,A mass of snow (perhaps containing ice and rocks) moving rapidly down a steep mountain slope.
AWIPS,
back door cold front,
ball lightning,
banner cloud,"Formed downwind of the upper slopes of isolated, steep-sided mountains. It is created by the low pressure areas in the downwind vortices drawing in relatively humid air from the lower slopes of the mountain."
barograph,A recording instrument that provides a continuous trace of air pressure variation with time.
barometer,An instrument that measures atmospheric pressure. The two most common barometers are the mercury barometer and the aneroid barometer.
bead lightning,
Beaufort,A scale of wind strength based on visual assessment of the effects of wind on seas and vegetation.
beaufort scale,
Beaufort wind scale,
Bergeron,"(Commonly called the ice process of precipitation, and formerly, ice- crystal theory; also Bergeron_Findeisen_Wegener process or theory, and with the names in a different order.) A theoretical explanation of the process by which precipitation particles may form within a mixed cloud (composed of both ice crystals and liquid water drops)."
Bermuda high,
black blizzards,
black body,A hypothetical object that absorbs all of the radiation that strikes it. It also emits radiation at a maximum rate for its given temperature.
black ice,"Thin, new ice on freshwater or saltwater, appearing dark in color because of its transparency, which is a result of its columnar grain structure."
blackbody,"A black body is an idealized physical body that absorbs all incident electromagnetic radiation, regardless of frequency or angle of incidence."
blizzard,"A severe weather condition characterized by low temperatures and strong winds (greater than 32 mi/hr) bearing a great amount of snow. When these conditions continue after the falling snow has ended, it is termed a ground blizzard."
bora,A cold katabatic wind that originates in Yugoslavia and flows onto the coastal plain of the Adriatic Sea.
bow echo,
bowen ratio,The ratio of energy available for sensible heating to energy available for latent heating.
boyle's law,"When the temperature is held constant, the pressure and density of an ideal gas are directly proportional."
carbon dioxide,Carbon dioxide (chemical formula CO2) is a colorless and odorless gas vital to life on Earth. This naturally occurring chemical compound is composed of a carbon atom covalently double bonded to two oxygen atoms. Carbon dioxide exists in Earth's atmosphere as a trace gas at a concentration of about 0.04 percent (400 ppm) by volume
castellanus,"An altocumulus showing vertical development, individual cloud elements have towerlike tops, often in the shape of tiny castles."
ccl,The level above the surface marking the base of a cumiliform cloud that is forming due to surface heating and rising thermals.
ceilometer,An instrument that automatically records cloud height.
Celsius,"Celsius temperature scale, also called centigrade temperature scale, scale based on 0� for the freezing point of water and 100� for the boiling point of water. This scale is widely taught in schools today, by international agreement the unit ""degree Celsius"" and the Celsius scale are currently defined by two different temperatures: absolute zero, and the triple point of VSMOW (specially purified water)."
centrifugal force,"A force directed outward, away from the center of a rotating object; equal in magnitude to the centripetal force but in the opposite direction."
centripetal force,An inward-directed force that confines an object to a circular path; equal in magnitude to the centrifugal force but in the opposite direction.
chaos,
charles's law,"With constant pressure, the temperature of an ideal gas is inversely proportional to the density of the gas."
chinook,"A warm, dry wind on the eastern side of the Rocky Mountains. In the Alps, the wind is called a Foehn."
chinook wind,
cirrocumulus,"One of the three main genus-types of high-altitude tropospheric clouds, the other two being cirrus and cirrostratus.[3] They usually occur at an altitude of 5 kilometres (16,000 ft) to 12 kilometres (39,000 ft)."
cirrocumulus clouds,"One of the three main genus-types of high-altitude tropospheric clouds, the other two being cirrus and cirrostratus.[3] They usually occur at an altitude of 5 kilometres (16,000 ft) to 12 kilometres (39,000 ft)."
cirrostratus,A high cloud appearing as a whitish veil that may totally cover the sky. Often produces halo phenomena.
cirrostratus clouds,A high cloud appearing as a whitish veil that may totally cover the sky. Often produces halo phenomena.
cirrus,"A high cloud composed of ice crystals in the form of thin, white, featherlike clouds in patches, filaments, or narrow bands."
cirrus clouds,"A high cloud composed of ice crystals in the form of thin, white, featherlike clouds in patches, filaments, or narrow bands."
climate,The accumulation of daily and seasonal weather events over a long period of time. A description of aggregate weather conditions; the sum of all statistical weather information that helps describe a place or region.
climatological forecast,
cloud base,The lowest portion of a cloud.
cloud cover,The amount of the sky obscured by clouds when observed at a particular location.
cloud deck,"The top of a cloud layer, usually viewed from an aircraft."
cloud seeding,The introduction of artificial substances (usually silver iodide or dry ice) into a cloud for the purpose of either modifying its development or increasing its precipitation.
cloudburst,Any sudden and heavy rain shower.
coalescence,The merging of cloud droplets into a single larger droplet.
cold advection,
cold air damming,
cold front,The leading edge of a cold air mass.
cold occlusion,
cold-air funnels,
collision coalescence,"In cloud physics, the process producing precipitation by collision and coalescence between liquid particles (cloud droplets, drizzle drops, and raindrops)."
collision-coalescence process,"In cloud physics, the process producing precipitation by collision and coalescence between liquid particles (cloud droplets, drizzle drops, and raindrops)."
comma cloud,
condensation,Process by which water changes phase from a vapor to a liquid.
condensation level,The level at which a parcel of moist air lifted dry-adiabatically would become saturated.
condensation nuclei,"Small particles in the atmosphere that serve as the core of tiny condensing cloud droplets. These may be dust, salt, or other material."
conditionally unstable,The state of a layer of unsaturated air when its lapse rate of temperature is less than the dry-adiabatic lapse rate but greater than the moist-adiabatic lapse rate.
conditionally unstable atmosphere,The state of a layer of unsaturated air when its lapse rate of temperature is less than the dry-adiabatic lapse rate but greater than the moist-adiabatic lapse rate.
conduction,"The transfer of heat by molecular activity from one substance to another, or through a substance. Transfer is always from warmer to colder regions."
continental air mass,An air mass that forms over land; it is normally relatively dry.
continental arctic,
continental climate,"A climate lacking marine influence and characterized by more extreme temperatures than in marine climates: therefore, it has a relatively high annual temperature range for its latitude."
continental polar,Relatively dry air mass that develops over the northern interior of North America; very cold in winter and mild in summer.
continental tropical,"Warm, dry air mass that forms over the subtropical deserts of the south-western United States."
contour lines,"A line of constant elevation above a certain reference level (usually mean sea level) on a previously defined surface, which may be the earth's surface, a constant-pressure surface, an isentropic surface, etc"
contrail,"A cloudlike streamer frequently seen forming behind aircraft flying in clear, cold, humid air."
controls of temperature,
convection,"Motions in a fluid that result in the transport and mixing of the fluid's properties. In meteorology, convection usually refers to atmospheric motions that are predominantly vertical, such as rising air currents due to surface heating. The rising of heated surface air and the sinking of cooler air aloft is often called free convection. (Compare with forced convection.)"
convective condensation level,The level above the surface marking the base of a cumiliform cloud that is forming due to surface heating and rising thermals.
convective instability,An instability due to the buoyancy force of heavy fluid over light fluid overcoming the stabilizing influence of viscous forces.
convergence,An atmospheric condition that exists when the winds cause a horizontal net inflow of air into a specified region.
conveyor belt,
cooling degree-day,A form of degree-day used in estimating the amount of energy necessary to reduce the effective temperature of warm air. A cooling degree-day is a day on which the average temperature is one degree above a desired base temperature.
Coriolis,"A deflective force arising from the rotation of the earth on its axis; affects principally synoptic-scale and global-scale winds. Winds are deflected to the right of the initial direction in the Northern Hemisphere, and to the left in the Southern Hemisphere."
coriolis effect,
Coriolis force,"A deflective force arising from the rotation of the earth on its axis; affects principally synoptic-scale and global-scale winds. Winds are deflected to the right of the initial direction in the Northern Hemisphere, and to the left in the Southern Hemisphere."
crepuscular rays,"Alternating light and dark bands of light that appear to fan out from the sun's position, usually at twilight."
cumulonimbus,"An exceptionally dense and vertically developed cloud, often with a top in the shape of an anvil. The cloud is frequently accompanied by heavy showers, lightning, thunder, and sometimes hail. It is also known as a thunderstorm cloud."
cumulonimbus clouds,"An exceptionally dense and vertically developed cloud, often with a top in the shape of an anvil. The cloud is frequently accompanied by heavy showers, lightning, thunder, and sometimes hail. It is also known as a thunderstorm cloud."
cumulus,"A cloud in the form of individual, detached domes or towers that are usually dense and well defined. It has a flat base with a bulging upper part that often resembles cauliflower. Cumulus clouds of fair weather are called cumulus humilis. Those that exhibit much vertical growth are called cumulus congestur or towering cumulus."
cumulus clouds,"A cloud in the form of individual, detached domes or towers that are usually dense and well defined. It has a flat base with a bulging upper part that often resembles cauliflower. Cumulus clouds of fair weather are called cumulus humilis. Those that exhibit much vertical growth are called cumulus congestur or towering cumulus."
cumulus congestus,An upward building convective cloud with vertical development between that of a cumulus cloud and a cumulonimbus.
cumulus stage,
cup anemometer,An instrument used to monitor wind-speed. Wind rotation of cups generates and electric current calibrated in wind speed.
cut-off low,Cyclonic circulation system that separates from the prevailing westerly airflow and therefore remains stationary.
cutoff high,Anticyclonic circulation system that separates from the prevailing westerly airflow and therefore remains stationary.
cutoff low,
cyclogenesis,
daily range of temperature,The difference between the maximum and minimum temperatures for any given day.
dart leader,
degree days,Computed from each day's mean temperature (max+min/2). For each degree that a day's mean temperature is below or above a reference temperature is counted as one degree day.
dendrochronology,
density,The ratio of the mass of a substance to the volume occupied by it.
deposition,A process that occurs in subfreezing air when water vapor changes directly to ice without becoming a liquid first. (Also called sublimation in meteorology.)
deposition nuclei,Tiny particles in the atmosphere that serve as the core of tiny ice crystals as water vapor changes to the solid form. These are also called ice nuclei.
derecho,
desert,One of two types of dry climate-the driest of the dry climates.
desertification,
dew,Water that has condensed onto objects near the ground when their temperatures have fallen below the dew point of the surface air.
dew point,The temperature to which air must be cooled (at constant pressure and constant water vapor content) for saturation to occur. When the dew point falls below freezing it is called the frost point.
dew-point temperature,The temperature to which air must be cooled (at constant pressure and constant water vapor content) for saturation to occur. When the dew point falls below freezing it is called the frost point.
diffraction,"The bendig of light around objects, such as cloud and fog droplets, producing fringes of light and dark or colored bands."
diffuse insolation,"Solar radiation that is scattered or reflected by atmospheric components (clouds, for example) to the earth's surface."
direct insolation,Solar radiation that is transmitted directly through the atmosphere to the earth's surface without interacting with atmospheric components.
dissipating stage,
diurnal range of temperature,
divergence,An atmospheric condition that exists when the winds cause a horizontal net outflow of air from a specific region.
doldrums,
Doppler radar,
downburst,A severe localized downdraft that can be experienced beneath a severe thunderstorm. (Compare Microburst)
downbursts,
downdraft,"Downward moving air, usually within a thunderstorm cell."
drainage basin,A fixed geographical region from which a river and its tributaries drain water.
drizzle,Small drops between 0.2 and 0.5 mm in diameter that fall slowly and reduce visibility more than light rain.
drought,A period of abnormally dry weather sufficiently long enough to cause serious effects on agriculture and other activities in the affected area.
dry adiabatic,The rate of change of temperature in a rising or descending unsaturated air parcel. The rate of adiabatic cooling or warming is 10_C per 1000 m (5.5_F per 1000 ft).
dry adiabatic rate,The rate of change of temperature in a rising or descending unsaturated air parcel. The rate of adiabatic cooling or warming is 10_C per 1000 m (5.5_F per 1000 ft).
dry climate,A climate in which yearly precipitation is not as great as the potential loss of water by evaporation.
dry lightning,
dry slot,
dryline,
dust devil,"A small but rapidly rotating wind made visible by the dust, sand, and debris it picks up from the surface. It develops best on clear, dry, hot afternoons."
dust devils,
duststorms,
easterly wave,
eccentricity,
eddy,A small volume of air (or any fluid) that behaves differently from the larger flow in which it exists.
EF scale,
effective emissivity,
El Nino,
electromagnetic waves,"Electromagnetic radiation (EM radiation or EMR) is the radiant energy released by certain electromagnetic processes. Visible light is electromagnetic radiation, as is invisible light, such as radio, infrared, and X-rays."
emissivity,The fractional amount of radiation emitted by a given object or substance in comparison to the amount emitted by a perfect emitter.
emittance,The rate at which a black body radiates energy across all wave-lengths.
ensemble forecasting,
ENSO,
entrainment,The mixing of environmental air into a preexisting air current or cloud so that the environmental air becomes part of the current or cloud.
environmental lapse rate,The rate of decrease of temperature with elevation. It is most often measured with a radiosonde.
equilibrium vapor pressure,The necessary vapor pressure around liquid water that allows the water to remain in equilibrium with its environment. Also called saturation vapor pressure.
equinox,The time when the sun crosses the plane of the earth's equator occurring about March 21 and September 22.
evaporation,The process by which a liquid changes into a gas.
evaporation fog,"Fog produced when sufficient water vapor is added to the air by evaporation. The two common types are steam fog, which forms when cold air moves over warm water, and frontal fog, which forms as warm raindrops evaporate in a cool air mass."
evapotranspiration,Vaporization of water through direct evaporation from wet surfaces and the release of water vapor by vegetation.
evapotranspiraton,"The rate of water lost from vegetation and soil, ordinarily at a slower rate than the potential rate."
exosphere,The outermost portion of the atmosphere.
eye,
eyewall,
eyewall replacement,
Fahrenheit,"Fahrenheit is a temperature scale based on one proposed in 1724 by the Polish-born German physicist Daniel Gabriel Fahrenheit (1686_1736), after whom the scale is named. It uses the degree Fahrenheit (symbol �F) as the unit."
fall freeze date,The date of occurrence in the fall of the first minimum at or below a temperature threshold.
fall streaks,Falling ice crystals that evaporate before reaching the ground.
flash flood,"A flood that rises and falls quite rapidly with little or no advance warning, usually as the result of intense rainfall over a relatively small area."
flurries,"Common term for a light snow shower, lasting for only a short period of time."
foehn,"A warm, dry wind in the Alps. "
fog,A cloud with its base at the earth's surface. It reduces visibility to below 1 km.
forced convection,"On a small scale, a form of mechanical stirring taking place when twisting eddies of air are able to mix."
forked lightning,
free convection,Convection triggered by intense solar heating of the earth's surface.
freeze,"A condition occurring over a widespread area when the surface air temperature remains below freezing for a sufficient time to damage certain agricultural crops. A freeze most often occurs as cold air is advected into a region, causing freezing conditions to exist in a deep layer of surface air. Also called advection frost."
freeze free season,The number of days between the last spring freeze date and the first fall freeze date.
freezing drizzle,Drizzle that falls in liquid form and then freezes upon striking a cold object or ground. Both can produce a coating of ice on objects which is called glaze.
freezing rain,Rain that falls in liquid form and then freezes upon striking a cold object or ground. Both can produce a coating of ice on objects which is called glaze.
friction layer,"An alternative, somewhat inappropriate, name for the atmospheric boundary layer."
front,The transition zone between two distinct air masses.
frontal fog,"Fog produced when sufficient water vapor is added to the air by evaporation. The two common types are steam fog, which forms when cold air moves over warm water, and frontal fog, which forms as warm raindrops evaporate in a cool air mass."
frontogenesis,
frontolysis,
fronts,"A weather front is a boundary separating two masses of air of different densities, and is the principal cause of meteorological phenomena. In surface weather analyses, fronts are depicted using various colored triangles and half-circles, depending on the type of front. The air masses separated by a front usually differ in temperature and humidity. "
frost,A covering of ice produced by deposition (sublimation) on exposed surfaces when the air temperature falls below the frost point (the dew point is below freezing).
frostbite,"Injury to body tissues caused by exposure to extreme cold, typically affecting the nose, fingers, or toes and sometimes resulting in gangrene."
frozen dew,The transformation of liquid dew into tiny beads of ice when the air temperature drops below freezing.
Fujita scale,
fulgurite,
funnel cloud,A rotating conelike cloud that extends down-ward from the base of a thunderstorm. When it reaches the surface it is called a tornado.
general circulation,"In its broadest sense, the complete statistical description of large scale atmospheric motions."
general circulation of the atmosphere,"In its broadest sense, the complete statistical description of large scale atmospheric motions."
geoengineering,
geostationary,"A geostationary orbit, geostationary Earth orbit or geosynchronous equatorial orbit[1] (GEO) is a circular orbit 35,786 kilometres (22,236 mi) above the Earth's equator and following the direction of the Earth's rotation.[2] An object in such an orbit has an orbital period equal to the Earth's rotational period (one sidereal day) and thus appears motionless, at a fixed position in the sky, to ground observers."
geostationary satellites,"A geosynchronous satellite is a satellite in geosynchronous orbit, with an orbital period the same as the Earth's rotation period. Such a satellite returns to the same position in the sky after each sidereal day, and over the course of a day traces out a path in the sky that is typically some form of analemma."
geostrophic,"Referring to the balance, in the atmosphere, between the horizontal Coriolis forces and the horizontal pressure forces."
geostrophic wind,"A theoretical horizontal wind blowing in a straight path, parallel to the isobars or contours, at a constant speed. The geostrophic wind results when the Coriolis force exactly balances the horizontal pressure gradient force."
glaciated cloud,A cloud or portion of a cloud where only ice crystals exist.
glaciation,"The conversion of all the supercooled liquid water in a cloud into ice crystals, thus reducing the growth rate of ice crystals and hail."
glaze,A coating of ice on objects formed when supercooled rain freezes on contact. A storm that produces glaze is called an icing storm.
global warming,
glory,Colored rings that appear around the shadow of an object.
gradient wind,"In weather, a wind determined by the condition that the horizontal pressure gradient due to the (hydrostatic) distribution of mass balances the Coriolis force due to the earth's rotation."
graupel,See Snow pellets
green flash,"A small, green color that occasionally appears on the upper part of the sun as it rises or sets."
greenhouse effect,The trapping of the sun's warmth in a planet's lower atmosphere due to the greater transparency of the atmosphere to visible radiation from the sun than to infrared radiation emitted from the planet's surface.
greenhouse feedback,
greenhouse gases,A greenhouse gas (sometimes abbreviated GHG) is a gas in an atmosphere that absorbs and emits radiation within the thermal infrared range.
ground fog,See Radiation fog.
growing degree-day,A form of the degree-day used as a guide for crop planting and for estimating crop maturity dates.
growing season,The number of days between the last spring freeze date and the first fall freeze date.
gust front,
gustnadoes,
haboob,A dust or sandstorm that forms as cold downdrafts from a thunderstorm turbulently lift dust and sand into the air.
Hadley cell,"A direct thermally driven and zonally symmetric circulation under the strong influence of the earth's rotation, first proposed by George Hadley in1735 as an explanation for the trade winds."
hail,Solid precipitation in the form of chunks or balls of ice with diameters greater than 5 mm. The stones fall from cumulonimbus clouds.
hailstone,Transparent or partially opaque particles of ice that range in size from that of a pea to that of golf balls.
hailstones,
hailstreak,"A single unit of hail, ranging in size from that of a pea to, on rare occasions, exceeding that of a grapefruit (i.e., from 5 mm to more than 15 cm in diameter)"
hair hygrometer,An instrument used to monitor relative humidity by measuring the changes in the length of human hair that accompany humidity variations.
halos,Rings or arcs that encircle the sun or moon when seen through an ice crystal cloud or a sky filled with falling ice crystals. Halos are produced by refraction of light.
haze,Fine dry or wet dust or salt particles dispersed through a portion of the atmosphere. Individually these are not visible but cumulatively they will diminish visibility.
heat,A form of energy transferred between systems by virtue of their temperature differences.
heat burst,
heat capacity,The ratio of the heat absorbed (or released) by a system to the corresponding temperature rise (or fall).
heat index,An index that combines air temperature and relative humidity to determine an apparent temperature-how hot it actually feels.
heat lightning,Distant lightning that illuminates the sky but is too far away for its thunder to be heard.
heat of fusion,Heat released when water changes phase from liquid to solid; 80 calories per gram
heat of melting,Heat required to change the phase of water from solid to liquid; 80 calories per gram.
heat wave,"A heat wave is a prolonged period of excessively hot weather, which may be accompanied by high humidity, especially in oceanic climate countries. While definitions vary,[1] a heat wave is measured relative to the usual weather in the area and relative to normal temperatures for the season. "
heating degree-day,A form of the degree-day used as an index for fuel consumption. Needed on days when average air temperature falls below 69 _F (18 _C); computed by subtracting the day's average temperature from 65 _F.
heatstroke,"Heat stroke, also known as sun stroke, is a severe heat illness, defined as hyperthermia with a body temperature greater than 40.6 �C (105.1 �F) because of environmental heat exposure with lack of thermoregulation."
heiligenschein,A faint white ring surrounding the shadow of an observer's head on a dew-covered lawn.
heterosphere,"The atmosphere above 80 km (50 mi) where gases are stratified, with concentrations of the heavier gases decreasing more rapidly with altitude than concentrations of the lighter gases."
HI,
high inversion fog,A fog that lifts above the surface but does not completely dissipate because of a strong inversion (usually subsidence) that exists above the fog layer.
highland climate,Complex pattern of climate conditions associated with mountains. Highland climates are characterized by large differences that occur over short distances.
hoarfrost,"Fernlike crystals of ice that form by deposition of water vapor on twigs, tree branches, and other vegetation."
Homobront,"1. A line drawn through geographical points at which a given phase of thunderstorm activity occurred simultaneously. 2. In climatology, a line drawn through geographical points that have the same average number of days with thunder in a given period; a type of isoceraunic line."
homosphere,"The atmosphere up to 80 km (50 mi) in which the proportionality of principal gaseous constituents, such as oxygen and nitrogen, is constant."
hook echo,
horse latitude,
humid continental climate,"A relatively severe climate characteristic of broad continents in the middle latitudes between approximately 40 and 50_ north latitude. This climate is not found in the southern hemisphere, where the middle latitudes are dominated by the oceans."
humid subtropical climate,"A climate generally located on the eastern side of a continent and characterized by hot, sultry summers and cool winters."
humidity,Humidity is the amount of water vapor in the air. Water vapor is the gaseous state of water and is invisible.
hurricane,A severe tropical cyclone having winds in excess of 64 knots (74 mi/hr).
hurricane warning,
hurricane watch,
hurricanes,"A tropical cyclone is a rapidly rotating storm system characterized by a low-pressure center, a closed low-level atmospheric circulation, strong winds, and a spiral arrangement of thunderstorms that produce heavy rain. Depending on its location and strength, a tropical cyclone is referred to by names such as hurricane, typhoon, tropical storm, cyclonic storm, tropical depression, and simply cyclone."
hydrograph,An instrument that provides a continuous trace of relative humidity with time.
hydrologic cycle,"The water cycle, also known as the hydrological cycle or the H2O cycle, describes the continuous movement of water on, above and below the surface of the Earth. The mass of water on Earth remains fairly constant over time but the partitioning of the water into the major reservoirs of ice, fresh water, saline water and atmospheric water is variable depending on a wide range of climatic variables. The water moves from one reservoir to another, such as from river to ocean, or from the ocean to the atmosphere, by the physical processes of evaporation, condensation, precipitation, infiltration, surface runoff, and subsurface flow. In doing so, the water goes through different phases: liquid, solid (ice) and vapor."
hygrometer,"An instrument designed to measure the air's water vapor content. The sensing part of the instrument can be hair (hair hygrometer), a plate coated with carbon (electrical hygrometer), or an infrared sensor (infrared hygrometer)."
hypothermia,The deterioration in one's mental and physical condition brought on by a rapid lowering of human body temperature.
Ice Age,
ice cap climate,"A climate that has no monthly means above freezing and supports no vegetative cover except in a few scattered high mountain areas. This climate, with its perpetual ice and snow, is confined largely to the ice sheets of Greenland and Antarctica."
ice fog,A type of fog composed of tiny suspended ice particles that forms at very low temperatures.
ice jam flooding,"An accumulation of broken river ice caught in a narrow channel.
Ice jams during freeze-up are quite porous, whereas breakup jams may comprise solid flows, frequently producing local floods during a spring breakup."
ice nuclei,Particles that act as nuclei for the formation of ice crystals in the atmosphere.
ice pellets,See Sleet
ice storm,"A storm characterized by a fall of freezing liquid precipitation.
The attendant formation of glaze on terrestrial objects creates many hazards."
ice-crystal process,"(Commonly called the ice process of precipitation, and formerly, ice- crystal theory; also Bergeron_Findeisen_Wegener process or theory, and with the names in a different order.) A theoretical explanation of the process by which precipitation particles may form within a mixed cloud (composed of both ice crystals and liquid water drops)."
Icelandic low,
indian summer,An unseasonably warm spell with clear skies near the middle of autumn. Usually follows a substantial period of cool weather.
infrared,Electromagnetic radiation with wavelengths between about 0.7 and 1000 µm. This radiation is longer than visible radiation but shorter than microwave radiation.
infrared (IR) radiation,
infrared radiation,
insolation,The incoming solar radiation that reaches the earth and the atmosphere.
interglacial period,
intertropical convergence zone,The boundary zone separating the northeast trade winds of the Northern Hemisphere from the southeast trade winds of the Southern Hemisphere.
inversion,An increase in air temperature with height.
ion,"An electrically charged atom, molecule, or particle."
ionosphere,An electrified region of the upper atmosphere where fairly large concentrations of ions and free electrons exist.
iridescence,"Brilliant spots or borders of colors, most often red and green, observed in clouds up to about 30_ from the sun."
isobar,
isobaric chart,A weather map or chart displaying meteorological data on a constant-pressure surface.
isobars,"A line of equal or constant pressure; an isopleth of pressure. In meteorology, it most often refers to a line drawn through all points of equal atmospheric pressure along a given reference surface, such as a constant-height surface (notably mean sea level on surface charts), an isentropic surface, the vertical plane of a synoptic cross section, etc. The pattern of isobars has always been a main feature of surface-chart analysis. Isobars are usually drawn at intervals of one millibar or more, depending on the scale needed to identify or illustrate a specific meteorological pattern."
isotach,A line connecting points of equal wind speed.
isotherm,
isotherms,A line connecting points of equal wind temperature.
ITCZ,The boundary zone separating the northeast trade winds of the Northern Hemisphere from the southeast trade winds of the Southern Hemisphere.
january thaw,A period of relatively mild weather around January 20 to 23 that occurs primarily in New England; an example of a singularity in the climatic record.
jet streak,
jet stream,
jet streams,Relatively strong winds concentrated within a narrow band in the atmosphere.
katabatic,
katabatic wind,Any wind blowing downslope. Usually cold.
Kelvin,"The kelvin is a unit of measure for temperature based upon an absolute scale. It is one of the seven base units in the International System of Units (SI) and is assigned the unit symbol K. The Kelvin scale is an absolute, thermodynamic temperature scale using as its null point absolute zero, the temperature at which all thermal motion ceases in the classical description of thermodynamics. "
kinetic energy,Energy that a body possesses by virtue of being in motion.
La Ni?Î±a,
La Ni?ëÎë±a,
La Nina,
lake breeze,A wind blowing onshore from the surface of a lake.
lake effect,"Localized snowstorms that form on the downwind side of a lake. Such storms are common in late fall and early winter near the Great Lakes as cold, dry air picks up moisture and warmth from the unfrozen bodies of water."
land breeze,"A coastal breeze that blows from land to sea, usually at night."
landspouts,
lapse rate,The rate at which an atmospheric variable (usually temperature) decreases with height. (See Environmental lapse rate.)
latent heat,"The heat that is either released or absorbed by a unit mass of a substance when it undergoes a change of state, such as during evaporation, condensation, or sublimation."
lee-side low,
lenticular,A cloud in the shape of a lens.
lenticular cloud,
lenticular clouds,A cloud in the shape of a lens.
lenticularis,A lens-shaped altocumulus cloud; a mountain-wave cloud generated by the disturbance of horizontal airflow caused by a prominent mountain range.
lightning,A visible electrical discharge produced by thunderstorms.
Little Ice Age,
long-range forecast,
longwave,
longwave radiation,A term most often used to describe the infrared energy emitted by the earth and the atmosphere.
low level jet,
m,
magnetosphere,The region around the earth in which the earth's magnetic field plays a dominant part in controlling the physical processes that take place.
mammatus,Clouds that look like pouches hanging from the underside of a cloud.
mammatus clouds,Clouds that look like pouches hanging from the underside of a cloud.
marine climate,"A climate dominated by the ocean, because of the moderating effect of water, sites having this climate are considered relatively mild."
maritime air mass,An air mass that originates over the ocean. These air masses are relatively humid.
maritime polar,"Cool, humid air mass that forms over the cold ocean waters of the North Pacific and North Atlantic."
maritime tropical,"Warm, humid air mass that forms over tropical and subtropical oceans."
mature cyclone,
mature stage,
Maunder minimum,
MCC,
mean annual temperature,The average temperature at any given location for the entire year.
mean daily temperature,
medium-range forecast,
meridional flow,A type of atmospheric circulation pattern in which the meridional (north and south) component of motion is unusually pronounced.
mesocyclone,
mesoscale,"The scale of meteorological phenomena that ranges in size from a few km to about 100 km. It includes local winds, thunderstorms, and tornadoes."
Mesoscale Convective Complex,
mesoscale convective vortex,
mesosphere,The atmospheric layer between the stratosphere and the thermosphere. Located at an average elevation between 50 and 80 km above the earth's surface.
meteogram,
meteorology,"The study of the atmosphere and atmospheric phenomena as well as the atmosphere's interaction with the earth's surface, oceans, and life in general."
microburst,A strong localized downdraft less than 4 km wide that occurs beneath severe thunderstorms. A strong downdraft greater than 4 km across is called a downburst.
microclimate,The climate structure of the air space near the surface of the earth.
micrometer,"The micrometer, also commonly known as a micron, is an SI derived unit of length equaling one millionth of a meter."
microscale,The smallest scale of atmospheric motions.
mid-Holocene maximum,
mid-latitude cyclonic storm,"Any cyclonic-scale storm that is not a tropical cyclone, usually referring only to the migratory frontal cyclones of middle and high latitudes."
middle-latitude cyclonic storms,"Extratropical cyclones, sometimes called mid-latitude cyclones or wave cyclones, are low-pressure areas, which along with the anticyclones of high-pressure areas, drive the weather over much of the Earth. "
Milankovitch,
millibar,A unit for expressing atmospheric pressure. Sea level pressure is normally close to 1013 mb.
mirage,"A refraction phenomenon that makes an object appear to be displaced from its true position. When an object appears higher than it actually is, it is called a superior image. When an object appears lower than it actually is, it is an inferior mirage."
mist,Very thin fog in which visibility is greater than 1.0 km (0.62 mi).
mistral,A katabatic wind that flows from the Alps down the Rhone River Valley of France to the Mediterranean coast.
mixing ratio,The ratio of the mass of water vapor in a given volume of air to the mass of dry air.
moist adiabatic,The rate of change of temperature in a rising or descending saturated air parcel. The rate of cooling or warming varies but a common value of 6_C per 1000 m (3.3_F per 1000 ft) is used.
moist adiabatic rate,The rate of change of temperature in a rising or descending saturated air parcel. The rate of cooling or warming varies but a common value of 6_C per 1000 m (3.3_F per 1000 ft) is used.
molecular viscosity,"The small-scale internal fluid friction that is due to the random motion of the molecules within a smooth-flowing fluid, such as air."
monsoon,
monsoon wind system,
mountain and valley breeze,
mountain breeze,A local wind system of a mountain valley that blows downhill (mountain breeze) at night and uphill (valley breeze) during the day.
multi-vortex tornado,
multicell thunderstorm,
nacreous,"Clouds of unknown composition that have a soft, pearly luster and that form at altitudes about 25 to 30 km above the earth's surface. They are also called mother-of-pearl clouds."
NAO,
negative feedback mechanism,
neutral,A condition of a system for which a small perturbation of a parcel of the system causes it to neither depart from its new position nor return to its previous one.
neutral stability,A condition of a system for which a small perturbation of a parcel of the system causes it to neither depart from its new position nor return to its previous one.
NEXRAD,
nimbostratus,"A dark, gray cloud characterized by more or less continuously falling precipitation. It is not accompanied by lightning, thunder, or hail."
nimbostratus clouds,"A dark, gray cloud characterized by more or less continuously falling precipitation. It is not accompanied by lightning, thunder, or hail."
noctilucent clouds,"Wavy, thin, bluish-white clouds that are best seen at twilight in polar latitudes. They form at altitudes about 80 to 90 km above the surface."
nocturnal inversion,See Radiation inversion.
nonsupercell tornadoes,
North Atlantic Oscillation,
northeasters,
numerical weather prediction,
obliquity,
occluded fronts,
occlusion,
offshore breeze,A breeze that blows from the land out over the water. Opposite of an onshore breeze.
onshore breeze,A breeze that blows from the water onto the land. Opposite of an offshore breeze.
ordinary thunderstorm,
orographic precipitation,"Rainfall or snowfall from clouds, induced by topographic uplift."
orographic uplift,The lifting of air over a topographic barrier. Clouds that form in this lifting process are called orographic clouds.
outflow boundary,
overrunning,
overshooting top,
ozone,"Ozone  is an inorganic molecule with the chemical formula O<sub>3</sub>. It is a pale blue gas with a distinctively pungent smell. Ozone is formed from dioxygen by the action of ultraviolet light and also atmospheric electrical discharges, and is present in low concentrations throughout the Earth's atmosphere (stratosphere). In total, ozone makes up only 0.6 ppm of the atmosphere."
ozone hole,"Ozone depletion describes two distinct but related phenomena observed since the late 1970s: a steady decline of about four percent in the total amount of ozone in Earth's stratosphere (the ozone layer), and a much larger springtime decrease in stratospheric ozone around Earth's polar regions. The latter phenomenon is referred to as the ozone hole. "
Pacific air,
Pacific Decadal Oscillation (PDO),
Pacific high,
Palmer,Compares the actual amount of precipitation received in an area during a specified period with the normal or average amount expected during that same period.
Palmer Drought Severity Index,Compares the actual amount of precipitation received in an area during a specified period with the normal or average amount expected during that same period.
parcel of air,"A very small amount of air, identifiable throughout its dynamic history while moving within the atmosphere."
pattern recognition,
PDO,
permafrost,A layer of soil beneath the earth's surface that remains frozen throughout the year.
persistence forecast,
photodissociation,The splitting of a molecule by a photon.
photon,A discrete quantity of energy that can be thought of as a packet of electromagnetic radiation traveling at the speed of light.
photons,
pileus,"A smooth cloud in the form of a cap. Occurs above, or is attached to, the top of a cumuliform cloud."
pileus cloud,
pileus clouds,"Also called scarf cloud or cap cloud, is a small, horizontal, lenticular cloud that can appear above a cumulus or cumulonimbus cloud, giving the parent cloud a characteristic ""hoodlike"" appearance."
plate tectonics,
polar air mass,A cold air mass that forms in a high-latitude source region.
polar climates,Climates in which the mean temperature of the warmest month is below 10_C; climates that are too cold to support the growth of trees.
polar easterlies,
polar front,
polar front theory,
polar jet stream,
polar lows,
pollutants,"A pollutant is a substance or energy introduced into the environment that has undesired effects, or adversely affects the usefulness of a resource. A pollutant may cause long- or short-term damage by changing the growth rate of plant or animal species, or by interfering with human amenities, comfort, health, or property values."
positive feedback mechanism,
potential energy,The energy that a body possesses by virtue of its position with respect to other bodies in the field of gravity.
potential evapotranspiration,"The amount of moisture that, if it were available, would be removed from a given land area by evaporation and transpiration."
potential temperature,The temperature that a parcel of dry air would have if it were brought dry adiabatically from its original position to a pressure of 1000 mb.
precession,
precipitable water vapor,The depth of water that would result if all the vapor in the atmosphere above a location were condensed into liquid water.
precipitation,Any form of water particles-liquid or solid-that falls from the atmosphere and reaches the ground.
pressure,"Atmospheric pressure, sometimes also called barometric pressure, is the pressure exerted by the weight of air in the atmosphere of Earth (or that of another planet)."
pressure gradient,The rate of decrease (gradient) of pressure in space at a fixed time.
pressure gradient force,The force due to differences of pressure within a fluid mass.
prevailing wind,The wind direction most frequently observed during a given period.
probability forecast,A forecast of the probability of occurrence of one or more of a mutually exclusive set of weather conditions.
prognostic chart,
psychrometer,"An instrument used to measure the water vapor content of the air. It consists of two thermometers (dry bulb and wet bulb). After whirling the instrument, the dew point and relative humidity can be obtained with the aid of tables."
pyranometer,An instrument that measures the amount of radiation.
radar,An instrument useful for remote sensing of meteorological phenomena. It operates by sending radio waves and monitoring those returned by such reflecting objects as raindrops within clouds.
radiant energy,"Energy propagated in the form of electromagnetic waves. These waves do not need molecules to propagate them, and in a vacuum they travel at nearly 300,000 km per sec."
radiant energy (radiation),
radiation,"Energy propagated in the form of electromagnetic waves. These waves do not need molecules to propagate them, and in a vacuum they travel at nearly 300,000 km per sec."
radiation fog,Fog produced over land when radiational cooling reduces the air temperature to or below its dew point. It is also known as ground fog and valley fog.
radiation inversion,An increase in temperature with height due to radiational cooling of the earth's surface. Also called a nocturnal inversion.
radiational cooling,"Image result for radiational cooling definition
Radiative cooling is the process by which a body loses heat by thermal radiation."
radiative equilibrium temperature,
radiative forcing,
radiative forcing agents,
radiosonde,"A balloon-borne instrument that measures and transmits pressure, temperature, and humidity to a ground-based receiving station."
rain,Precipitation in the form of liquid water drops that have diameters greater than that of drizzle.
rain gage,A device-usually a cylindrical container-for measuring rain-fall.
rain shadow,The region on the leeside of a mountain where the precipitation is noticeable less than on the windward side.
rain shower,A brief period of rainfall in which intensity can be variable and may change rapidly.
rawinsonde,"An instrument carried by weather balloons to measure the temperature, humidity, pressure, and winds of the atmosphere."
reflected,The process whereby a surface turns back a portion of the radiation that strikes it.
reflection,The process whereby a surface turns back a portion of the radiation that strikes it.
refraction,The bending of light as it passes from one medium to another
refractive index,The ratio of the speed of light in a vacuum to its speed in a transparent medium.
relative humidity,The ratio of the amount of water vapor actually in the air compared to the amount of water vapor the air can hold at the particular temperature and pressure. The ratio of the air's actual vapor pressure to its saturation vapor pressure.
return stroke,
RH,Relative humidity - The ratio of the amount of water vapor actually in the air compared to the amount of water vapor the air can hold at the particular temperature and pressure. The ratio of the air's actual vapor pressure to its saturation vapor pressure.
ribbon lightning,
ridges,"In meteorology, an elongated area of relatively high atmospheric pressure, almost always associated with and most clearly identified as an area of maximum anticyclonic curvature of wind flow."
rime,"A white, granular deposit of ice formed by the freezing of water drops when they come in contact with an object."
rime ice,
roll cloud,
rotor clouds,"A turbulent, altocumulus-type cloud formation found in the lee of some large mountain barriers, particularly in the Sierra Nevada near Bishop, California."
Saffir-Simpson scale,
Santa Ana,The local name given a foehn wind in southern California.
Santa Ana wind,
saturation,Holding as much water or moisture as can be absorbed.
saturation vapor pressure,The maximum amount of water vapor necessary to keep moist air in equilibrium with a surface of pure water or ice. It represents the maximum amount of water vapor that the air can hold at any given temperature and pressure. (See Equilibrium vapor pressure.)
scales of motion,
scattering,The process by which small particles in the atmosphere deflect radiation from its path into different directions.
scintillation,The apparent twinkling of a star due to its light passing through regions of differing air densities in the atmosphere.
sea breeze,A coastal local wind that blows from the ocean onto the land. The leading edge of the breeze is termed a sea breeze front.
sea breeze front,
sea level pressure,"TThe atmospheric pressure at mean sea level, either directly measured or, most commonly, empirically determined from the observed station pressure."
sea-level pressure,"The atmospheric pressure at mean sea level, either directly measured or, most commonly, empirically determined from the observed station pressure."
secondary low,
seiches,
selective absorbers,"In the Earth's atmosphere, we usually deal with two types of selective absorbers: gases that absorb UV (ultraviolet) radiation, such as ozone, and gases that absorb IR (infrared) radiation, such as water vapor and CO2."
semiarid,See Steppe.
semipermanent high,
semipermanent lows,
sensible heat,Movement of heat from one place to another as a consequence of conduction or convection or both.
sensible heat transfer,
sensible temperature,The sensation of temperature that the human body feels in contrast to the actual temperature of the environment as measured with a thermometer.
severe thunderstorm,"A thunderstorm is classed as severe if winds reach at least 93 kilometres per hour (58 mph), hail is 1 inch (25 mm) in diameter or larger, or if funnel clouds or tornadoes are reported."
shear,See wind shear.
sheet lightning,A fairly bright lightning flash from distant thunderstorms that illuminates a portion of the cloud.
shelf cloud,
short-range forecast,
shortwave,
shortwave radiation,"A term most often used to describe the radiant energy emitted from the sun, in the visible and near ultraviolet wavelengths."
shower,"Intermittent precipitation from a cumuliform cloud, usually of short duration but often heavy."
Siberian high,
simoom,
sleet,A type of precipitation consisting of transparent pellets of ice 5 mm or less in diameter. Same as ice pellets.
smog,"Originally smog meant a mixture of smoke and fog. Today, smog means air that has restricted visibility due to pollution, or pollution formed in the presence of sunlight-photochemical smog."
snow,Solid precipitation in the form of minute ice flakes that occur below 0_C.
snow flurries,Light showers of snow that fall intermittently.
snow grains,"Precipitation in the form of very small, opaque grains of ice. The solid equivalent of drizzle."
snow pellets,"White, opaque, approximately round ice particles between 2 and 5 mm in diameter that form in a cloud either from the sticking together of ice crystals or from the process of accretion."
snow rollers,A cylindrical spiral of snow shaped somewhat like a child's muff and produced by the wind.
snow squall,An intermittent heavy shower of snow that greatly reduces visibility.
snow-albedo feedback,
snowflake,An aggregate of ice crystals that falls from a cloud
solstice,"Either of the two times of the year when the sun is the greatest distance from the celestial equator, occurring about June 22 and December 22. See winter solstice and summer solstice."
sonic boom,
soundings,
source regions,
Southern Oscillation,The reversal of surface air pressure at opposite ends of the tropical Pacific Ocean that occur during El Nino events.
specific heat,The ratio of the heat absorbed (or released) by the unit mass of the system to the corresponding temperature rise (or fall).
specific humidity,The ratio of the mass of water vapor in a given parcel to the total mass of air in the parcel.
spontaneous nucleation,The freezing of pure water without the benefit of any nuclei.
spring freeze date,The date of occurrence in the spring of the last minimum at or below a temperature threshold.
squall line,Any nonfrontal line or band of active thunderstorms.
St. Elmo's Fire,
station pressure,The actual air pressure computed at the observing station.
stationary front,
statistical forecast,
steady-state forecast,
steam fog,See Evaporation fog.
steppe,One of the two types of dry climate. A marginal and more humid variant of the desert that separates it from bordering humid climates. Steppe also refers to the short-grass vegetation associated with this semiarid climate.
stepped leader,
storm surge,"An abnormal rise of the sea along a shore. Primarily due to the winds of a storm, especially a hurricane."
straight-line wind,
straight-line winds,
stratocumulus,"A low cloud, predominantly stratiform with low, lumpy, rounded masses, often with blue sky between them."
stratocumulus clouds,"A low cloud, predominantly stratiform with low, lumpy, rounded masses, often with blue sky between them."
stratopause,The boundary between the stratosphere and the mesosphere.
stratosphere,"The layer of the atmosphere above the troposphere and below the mesosphere (between 10 km and 50 km), generally characterized by an increase in temperature with height."
stratus,"A low, gray cloud layer with a rather uniform base whose precipitation is most commonly drizzle."
stratus clouds,"A low, gray cloud layer with a rather uniform base whose precipitation is most commonly drizzle."
streamlines,
subarctic climate,A climate found north of the humid continental climate and south of the polar climate and characterized by bitterly cold winters and short cool summers. Places within this climatic realm experience the highest annual temperature ranges on earth.
sublimation,"The process whereby ice changes directly into water vapor without melting. In meteorology, sublimation can also mean the transformation of water vapor into ice. (See Deposition.)"
subpolar low,
subsidence,"The slow sinking of air, usually associated wit high-pressure areas."
subsidence inversion,A temperature inversion produced by the adiabatic warming of a layer of sinking air.
subtropical high,
subtropical jet stream,
suction vortices,
sulfate aerosols,
summer solstice,"Approximately June 21 in the Northern Hemisphere when the sun is highest in the sky and directly overhead at latitude 23.5�N, the Tropic of Cancer."
sun pillar,A vertical streak of light extending above (or below) the sun. It is produced by the reflection of sunlight of ice crystals.
sundog,A colored luminous spot produced by refraction of light through ice crystals that appears on either side of the sun. Also called parhelion.
super typhoon,
supercell,
supercell tornadoes,
supercooled,Liquid water at a temperature below the freezing point.
supercooled water droplets,Liquid water at a temperature below the freezing point.
supersaturated air,A condition that occurs in the atmosphere when the relative humidity is greater that 100 percent.
surface inversion,See Radiation inversion
surface map,"An analyzed chart of surface weather observations. Essentially, a surface chart shows the distribution of sea level pressure, including the positions of highs, lows, ridges, and troughs and the location and character of fronts and various boundaries such as drylines, outflow boundaries, sea-breeze fronts, and convergence lines. "
synoptic scale,The typical weather map scale that shows features such as high- and low-pressure areas and fronts over a distance spanning a continent. Also called the cyclonic scale.
taiga,The northern coniferous forest; also a name applied to the subarctic climate.
teleconnections,
temperature,The degree of hotness or coldness of a substance as measured by a thermometer. It is also a measure of the average speed or kinetic energy of the atoms and molecules in a substance.
temperature inversion,"An extremely stable air layer in which temperature increases with altitude, the inverse of the usual temperature profile in the troposphere."
terminal velocity,The constant speed obtained by a falling object when the upward drag on the object balances the downward force of gravity.
Texas norther,
thermal,"A small, rising parcel of warm air produced when the earth's surface is heated unevenly."
thermal belts,The thermal belt refers to a mountainside zone where frost or freezing temperatures are less likely to occur than they are at either higher or lower elevations.
thermals,"A thermal column (or thermal) is a column of rising air in the lower altitudes of Earth's atmosphere, a form of atmospheric updraft. Thermals are created by the uneven heating of Earth's surface from solar radiation, and are an example of convection, specifically atmospheric convection. The Sun warms the ground, which in turn warms the air directly above it."
thermograph,A recording instrument that gives a continuous trace of temperature with time.
thermometer,An instrument used to measure temperature.
thermosphere,The atmospheric layer above the mesosphere. It extends from 90 km to outer space.
thunder,The sound due to rapidly expanding gases along the channel of a lightning discharge.
tipping bucket rain gage,A device that accumulates rainfall in increments of 0.01 in. by containers that alternately fill and empty (tip).
tornado,"An intense, rotating column of air that protrudes from a cumulonimbus cloud in the shape of a funnel or a rope and touches the ground. "
tornado alley,
tornado outbreak,
tornado warning,
tornado watch,
tornadoes,
trade wind inversion,
trade winds,The winds that occupy most of the tropics and blow from the subtropical highs to the equatorial low.
training,
transpiration,The release of water vapor to the atmosphere by plants.
trend forecast,
tropical air mass,A warm-to-hot air mass that forms in the subtropics.
tropical cyclone,
tropical depression,A mass of thunderstorms and clouds generally with a cyclonic wind circulation of between 20 and 34 knots
tropical disturbance,An organized mass of thunderstorms with a slight cyclonic wind circulation of less than 20 knots.
tropical storm,Organized thunderstorms with a cyclonic wind circulation between 35 and 64 knots.
tropical wave,
tropopause,The boundary between the troposphere and the stratosphere.
troposphere,The layer of the atmosphere extending from the earth's surface up to the tropopause (about 10 km above the ground).
troughs,"In meteorology, an elongated area of relatively low atmospheric pressure; the opposite of a ridge."
tundra,"Climate Found almost exclusively in the northern hemisphere or at high altitudes in many mountainous regions. A treeless climatic realm of sedges, grasses, mosses, and lichens that is dominated by a long, bitterly cold winter."
turbulence,Any irregular or disturbed flow in the atmosphere that produces gusts and eddies.
twilight,The time immediately before sunrise and after sunset when the sky remain illuminated.
typhoon,A hurricane that forms in the western Pacific Ocean.
ultraviolet,Electromagnetic radiation with wave-lengths longer than X-rays but shorter than visible light.
ultraviolet (UV) radiation,
upper-level front,
upslope fog,"Fog formed as moist, stable air flows upward over a topographic barrier."
upslope precipitation,"Precipitation that forms due to moist, stable air gradually rising along an elevated plain. Upslope precipitation is common over the western Great Plains, especially east of the Rock Mountains."
upwelling,The rising of water (usually cold) toward the surface from the deeper regions of a body of water.
urban heat island,The increased air temperatures in urban areas as contrasted to the cooler surrounding rural areas.
UV,Electromagnetic radiation with wave-lengths longer than X-rays but shorter than visible light.
valley breeze,See Mountain breeze.
valley fog,See Radiation fog.
vapor pressure,The pressure exerted by the water vapor molecules in a given volume of air.
vernal equinox,The equinox at which the sun approaches the Northern Hemisphere and passes directly over the equator. Occurs around March 20.
very short-range forecast,
virga,Precipitation that falls from a cloud but evaporates before reaching the ground. (See Fall streaks.)
virtual temperature,An adjustment applied to the real air temperature to account for a reduction in air density due to the presence of water vapor.
viscosity,The resistance of fluid flow.
visibility,The greatest distance an observer can see and identify prominent objects.
visible light,That portion of the electromagnetic spectrum from 0.4 to 0.7 µm wavelengths that is visible.
visible region,
vorticity,"A measure of the spin of a fluid, usually small air parcels. Absolute vorticity is the combined vorticity due to the earth's rotation and the vorticity due to the air's circulation relative to the earth. Relative vorticity is due to the curving of the air flow and wind shear."
wall cloud,"A localized, persistent, often abrupt lowering from a rain-free base. Wall clouds can range from a fraction of a mile up to nearly five miles in diameter, and normally are found on the south or southwest (inflow) side of the thunderstorm. ""Wall cloud"" also is used occasionally in tropical meteorology to describe the inner cloud wall surrounding the eye of a tropical cyclone, but the proper term for this feature is eyewall."
warm advection,
warm front,The leading edge of a warm air mass.
warm occlusion,
warm sector,
water balance,"The comparison of actual and potential evapotranspiration with the amount of precipitation, usually on a monthly basis."
water budget,Balance sheet for the inputs and outputs of water to and from the various global water reservoirs.
water equivalent,"The depth of water that would result from the melting of a snow sample. Typically about 10 inches of snow will melt to 1 inch of water, producing a water equivalent of 10 to 1."
water vapor,"Water vapor is the gaseous phase of water. It is one state of water within the hydrosphere. Water vapor can be produced from the evaporation or boiling of liquid water or from the sublimation of ice. Unlike other forms of water, water vapor is invisible.[4] Under typical atmospheric conditions, water vapor is continuously generated by evaporation and removed by condensation. It is lighter than air and triggers convection currents that can lead to clouds."
waterspout,
wave cyclone,
weather,"The state of the atmosphere in terms of such variables as temperature, cloudiness, precipitation, and radiation."
weather type forecast,
weather warning,"Hazardous  weather conditions that pose a threat to life and/or property are occurring, imminent, or highly likely."
weather watch,
weighing bucket rain gage,A device that is calibrated so that the weight of rainfall is recorded directly in terms of rainfall in millimeters or in inches.
westerlies,
wet-bulb depression,The difference in degrees between the air temperature (dry-bulb temperature) and the wet-bulb temperature.
wet-bulb temperature,"The wet-bulb temperature is the temperature a parcel of air would have if it were cooled to saturation (100% relative humidity) by the evaporation of water into it, with the latent heat being supplied by the parcel."
whirlwind,"A small but rapidly rotating wind made visible by the dust, sand, and debris it picks up from the surface. It develops best on clear, dry, hot afternoons."
white frost,Ice crystals that form on surfaces instead of dew when the dew point is below freezing.
wind,"Wind is the flow of gases on a large scale. On the surface of the Earth, wind consists of the bulk movement of air."
wind chill,"The cooling effect of any combination of temperature and wind, expressed as the loss of body heat. Also called wind-chill index."
wind direction,"Wind direction is reported by the direction from which it originates. For example, a northerly wind blows from the north to the south.[1] Wind direction is usually reported in cardinal directions or in azimuth degrees. For example, a wind coming from the south is given as 180 degrees; one from the east is 90 degrees."
wind shear,A difference in wind speed or direction between two wind currents in the atmosphere.
wind speed,"Wind speed, or wind flow velocity, is a fundamental atmospheric quantity.

Wind speed is caused by air moving from high pressure to low pressure, usually due to changes in temperature."
wind vane,An instrument used to determine wind direction.
wind waves,"In fluid dynamics,_wind waves, or_wind-generatedwaves, are surface_waves_that occur on the free surface of bodies of water (like oceans, seas, lakes, rivers, canals, puddles or ponds). They result from thewind_blowing over an area of fluid surface."
wind-chill,"The cooling effect of any combination of temperature and wind, expressed as the loss of body heat. Also called wind-chill index."
wind-chill index,"The cooling effect of any combination of temperature and wind, expressed as the loss of body heat. Also called wind-chill index."
windsock,"A large, conical, open bag designed to indicate wind direction and relative speed; usually used at small airports."
winter solstice,"Approximately December 22 in the Northern Hemisphere when the sun is lowest in the sky and directly overhead at latitude 23.5_S, the Tropic of Capricorn."
wrap-around band,"Precipitation that falls on the back side (in Northern Hemisphere the northwest side and vicinity) of a low pressure system. Usually, the_moistureflow into a low pressure system will be on the south and east side of the low pressure. The cyclonic winds rotate this moisture around the low pressure system. Much of the moisture is lost as the air advects around the low pressure system and rises along the slope of the warm front. The precipitation on the back side of a low pressure system is often weaker in intensity as compared to both the precipitation along the fronts and in the warm sector of the low pressure. The wrap-around precipitation can be thought of as precipitation from the left over moisture that has made its way around the low pressure system."
Younger Dryas,"The first and third climatic stages of the late-glacial period in northern Europe, in which cold tundralike conditions prevailed and plants of the genus_Dryas_were abundant. The_Older Dryas(about 15,000 to 12,000 years ago) followed the last ice retreat, and the_Younger Dryas_(about 10,800 to 10,000 years ago) followed the Allerèd stage."
zonal flow,"The wind, or wind component, along the local parallel of latitude, as distinguished from the meridional wind."